,答え,画像
0,1,DrX_e87XgAANZxb.jpg
1,1,DrX_fDCW4AAi_KK.jpg
2,1,DrX_fFvXQAM2bnq.jpg
3,1,DrXkAK0X4AIbQsr.jpg
4,1,DrXkAQIWwAE5TcX.jpg
5,1,DrY2hneX0AAMOD1.jpg
6,1,DrY2hoBWsAAs9TN.jpg
7,1,DrYa_q-XcAAZYPv.jpg
8,1,DrYa_rCWkAIiQkm.jpg
9,1,DrYa_rsWkAAgwDL.jpg
10,1,DrYa_rxX4AAt1vz.jpg
11,1,DrZSBCqX0AA_QAS.jpg
12,1,DrZSBDCWkAAQ7kS.jpg
13,1,DrZSBDnW4AAl6Se.jpg
14,1,DrZSBGzXQAI9xQX.jpg
15,1,DrZtoqoWwAEPELK.jpg
16,1,DrZtor5WoAAZV97.jpg
17,1,DrZtoraWsAALoUn.jpg
18,1,DrZtorKX0AAyPkz.jpg
19,0,3d98bfca6d230f8ce320a9a51378c89f_13624.jpeg
20,0,43e2c_1544_578613d58125bf2b79bceeae19fd5fc7.jpg
21,0,131020_15-500x300.jpg
22,0,7241611_1.jpg
23,0,07800013067.jpg
24,0,13139410260005.jpg
25,0,cureface_ba_7.jpg
26,0,db133659c228dfe7eb51ec3eba8fcb77.jpg
27,0,dbs.jpg
28,0,MT7pefbl4JLbVpk_24817.jpeg
29,0,o0480064011278830912.jpg
30,0,女性顔1.JPG
